asdfasdf,asdfasdf,asdf@asdf,2024-11-30 23:54:41
asdfasdf,asdfasdfasdfasdfasdfasdf,asdf!asdfasdfas@df,2024-11-30 23:55:01
안녕1,wjddlstjd,wjd@wjd,2024-12-01 23:02:17
asdffasd,sadf@asdf,asdf@asdf,2024-12-01 23:04:57
안녕1,aaa,aa@a,2024-12-01 23:57:25
베이킹,정인성,in@in,2024-12-02 00:00:51
베이킹,하이,op@op,2024-12-02 00:01:10
어오,asdfasdf,popo@po,2024-12-02 00:02:51
과일따기,qoqoqo,qoqoq@qo,2024-12-02 00:06:25
과일따기,11,1@1,2024-12-02 00:13:32
ffaff,asdf,asdf@asdf,2024-12-02 00:16:01
ffaff,1,1@1,2024-12-02 00:17:26
ffaff,aa,aaaa@a,2024-12-02 00:18:43
ffaff,asdfasdf,adsf@ert,2024-12-02 00:21:02
ffaff,a,w@w,2024-12-02 00:21:39
ffaff,af,a@f,2024-12-02 00:22:13
